20.29,20.89,19.61,48135255,980939150,13112253935,0.0755,13200293535,38245,0.068,196.0161,220.9182,5.6396,20.57
20.41,20.78,20.13,44301459,907399338,13156875120,0.0695,13245214320,33994,0.0034,196.6832,221.67,5.6588,20.64
21.2,22.19,21.02,55491354,1200984684,13800695075,0.0871,13893357075,42650,0.0489,206.3077,232.5172,5.9357,21.65
22.25,23.2,22.13,63045946,1418517537,14157664555,0.0989,14252723355,54463,0.0259,211.6441,238.5315,6.0892,22.21
21.84,22.4,21.64,41456114,908321006,13864439625,0.065,13957529625,37483,-0.0207,207.2606,233.5912,5.9631,21.75
21.55,22.75,21.47,49328295,1099727607,14489136215,0.0774,14586420615,39001,0.0451,216.5993,244.1163,6.2318,22.73
22.89,22.89,22.02,50058989,1121312279,14348898205,0.0785,14445241005,42614,-0.0097,214.5028,241.7535,6.1715,22.51
22.71,23.5,21.7,53504937,1207688764,14055673275,0.0839,14150047275,43070,-0.0204,210.1194,236.8132,6.0454,22.05
21.93,23.43,21.92,59078406,1347039684,14686744320,0.0927,14785355520,46144,0.0449,219.5533,247.4456,6.3168,23.04
22.82,23.04,20.74,55043646,1202468330,13220619670,0.0864,13309386870,46288,-0.0998,197.6361,222.744,5.6862,20.74
20.73,21.52,19.7,41567261,865862472,13705078250,0.0652,13797098250,34291,0.0366,204.8783,230.9063,5.8946,21.5
21.5,22.9,20.89,50955336,1109028379,14170413465,0.0799,14265557865,38184,0.034,211.8346,238.7463,6.0947,22.23
22.47,23.89,21.6,64362479,1463941535,14667620955,0.101,14766103755,48686,0.0351,219.2674,247.1234,6.3086,23.01
22.51,22.98,21.39,40293975,897956112,14450889485,0.0632,14547917085,34114,-0.0148,216.0275,243.4719,6.2153,22.67
22.2,23.41,22.01,48515218,1105090505,14176787920,0.0761,14271975120,36211,-0.019,211.9299,238.8537,6.0975,22.24
22.6,22.7,21.61,34957306,774582319,14068422185,0.0548,14162881785,26626,-0.0076,210.31,237.028,6.0508,22.07
22.15,24.0,21.8,62568540,1439934744,14699493230,0.0982,14798190030,48699,0.0449,219.7439,247.6604,6.3223,23.06
22.0,23.87,21.84,50000270,1142624495,14253281380,0.0784,14348982180,38390,-0.0304,213.0734,240.1425,6.1304,22.36
22.23,22.81,21.9,30466492,681024674,14157664555,0.0478,14252723355,24570,-0.0067,211.6441,238.5315,6.0892,22.21
22.42,24.39,22.42,65177172,1523669386,15477176740,0.1022,15581095140,46429,0.0932,231.3696,260.763,6.6568,24.28
24.0,24.38,23.29,59759235,1422064644,15177577355,0.0937,15279484155,44185,-0.0194,226.8908,255.7153,6.5279,23.81
24.05,24.59,23.91,56574738,1370962880,15483551195,0.0888,15587512395,38529,0.0202,231.4648,260.8704,6.6595,24.29
24.01,25.25,23.38,59037236,1437781627,15840520675,0.0926,15946878675,42299,0.0231,236.8012,266.8847,6.813,24.85
24.5,25.3,24.13,49331871,1218014955,15591916930,0.0774,15696605730,37660,-0.0157,233.0848,262.6962,6.7061,24.46
24.6,25.44,24.2,48058106,1193855044,16076375510,0.0754,16184317110,36094,0.0311,240.327,270.8584,6.9145,25.22
25.07,25.19,24.1,44119365,1084929820,15579168020,0.0692,15683771220,35233,-0.0309,232.8942,262.4814,6.7006,24.44
23.8,24.0,23.02,37889388,890285510,14846105695,0.0594,14945786895,31208,-0.0471,221.9356,250.1306,6.3853,23.29
23.03,23.79,22.81,26178601,612278102,15152079535,0.0411,15253815135,20582,0.0206,226.5096,255.2857,6.5169,23.77
24.05,24.2,23.2,35603185,847139087,14858854605,0.0559,14958621405,26878,-0.0194,222.1262,250.3454,6.3908,23.31
23.36,24.25,23.2,32323266,770051451,14941722520,0.0507,15042045720,26698,0.0056,223.365,251.7415,6.4265,23.44
23.71,23.96,23.2,25132807,594586799,15254070815,0.0394,15356491215,21600,0.0209,228.0343,257.004,6.5608,23.93
23.92,25.8,23.76,67081348,1670840712,16120996695,0.1052,16229237895,49496,0.0568,240.9941,271.6102,6.9337,25.29
25.41,26.29,24.72,55954079,1432380319,15999882050,0.0878,16107310050,44843,-0.0075,239.1835,269.5696,6.8816,25.1
24.94,25.46,24.45,28076509,701383590,16216613520,0.044,16325496720,24635,0.0135,242.4235,273.2212,6.9748,25.44
25.15,26.3,25.12,40417193,1038039685,16554459635,0.0634,16665611235,30897,0.0208,247.4739,278.9133,7.1201,25.97
26.3,26.48,25.27,33898175,873201854,16146494515,0.0532,16254906915,26629,-0.0246,241.3752,272.0398,6.9446,25.33
25.66,26.16,22.83,42537261,1058305330,14788735600,0.0667,14888031600,35091,-0.0841,221.078,249.164,6.3607,23.2
23.0,23.49,21.03,31939799,717880109,14444515030,0.0501,14541499830,26994,-0.0233,215.9322,243.3645,6.2126,22.66
22.56,22.85,22.0,20681492,463824815,14183162375,0.0324,14278392375,16787,-0.0181,212.0252,238.9611,6.1002,22.25
22.24,22.58,20.51,21647392,468342864,13883562990,0.034,13976781390,18551,-0.0211,207.5465,233.9134,5.9713,21.78
22.0,22.91,21.99,22006240,495073350,14597501950,0.0345,14695513950,19746,0.0514,218.2192,245.942,6.2784,22.9
22.8,23.4,22.56,20763141,475783897,14501885125,0.0326,14599255125,18623,-0.0066,216.7898,244.3311,6.2373,22.75
22.92,23.75,22.62,22398998,521395821,14941722520,0.0351,15042045720,18740,0.0303,223.365,251.7415,6.4265,23.44
23.3,25.35,23.1,43743704,1057875412,15642912570,0.0686,15747943770,36763,0.0469,233.8472,263.5553,6.728,24.54
24.3,25.6,23.8,54641892,1360591334,16101873330,0.0857,16209986130,44243,0.0293,240.7082,271.288,6.9254,25.26
25.1,25.52,24.66,37350791,934727763,15783150580,0.0586,15889123380,31880,-0.0198,235.9436,265.9181,6.7884,24.76
24.5,25.5,23.0,41335834,1019191575,15107458350,0.0648,15208894350,33298,-0.0428,225.8426,254.5339,6.4977,23.7
23.4,23.79,22.58,25999820,601066420,15094709440,0.0408,15196059840,22368,-0.0008,225.652,254.3191,6.4923,23.68
23.78,24.88,23.56,27809961,676616736,15617414750,0.0436,15722274750,24289,0.0346,233.466,263.1257,6.7171,24.5
24.62,25.1,24.12,38494502,946328289,15419806645,0.0604,15523339845,28942,-0.0127,230.5119,259.7964,6.6321,24.19
24.38,26.35,24.3,54131818,1369593897,16388723805,0.0849,16498762605,44351,0.0628,244.9963,276.1209,7.0488,25.71
25.51,25.7,24.7,33276006,835055520,15910639680,0.0522,16017468480,28542,-0.0292,237.8494,268.0661,6.8432,24.96
25.06,25.37,24.66,25346400,632878069,16038128780,0.0398,16145813580,20409,0.008,239.7553,270.214,6.898,25.16
25.23,26.89,24.83,57909323,1500864398,16783940015,0.0908,16896632415,46159,0.0465,250.9045,282.7796,7.2188,26.33
26.18,27.45,26.08,57186010,1532143240,16796688925,0.0897,16909466925,49099,0.0008,251.095,282.9944,7.2243,26.35
26.18,26.5,25.18,29576354,761606231,16484340630,0.0464,16595021430,27208,-0.0186,246.4257,277.7319,7.0899,25.86
26.0,26.65,25.56,19279951,502212907,16522587360,0.0302,16633524960,18261,0.0023,246.9975,278.3763,7.1064,25.92
25.98,27.6,25.81,58635801,1575813249,17281147505,0.092,17397178305,49012,0.0459,258.3373,291.1567,7.4326,27.11
26.8,27.14,26.25,31863510,850710555,17262024140,0.05,17377926540,26742,-0.0011,258.0514,290.8345,7.4244,27.08
27.18,28.79,27.18,66081050,1853451697,17708235990,0.1037,17827134390,51653,0.0258,264.7218,298.3524,7.6163,27.78
27.48,28.08,26.4,38390788,1042090329,16898680205,0.0602,17012143005,36220,-0.0457,328.609,328.609,7.2169,26.51
26.48,26.5,23.86,27779018,686619433,15209449630,0.0436,15311570430,25283,-0.1,295.7605,295.7605,6.4955,23.86
22.05,23.58,21.47,38305965,853725121,14081171095,0.0601,14175716295,33243,-0.0742,273.8202,273.8202,6.0137,22.09
22.34,22.68,21.29,34378981,756887539,14336149295,0.0539,14432406495,29959,0.0181,278.7784,278.7784,6.1226,22.49
21.99,21.99,20.24,8215449,170772859,12901896920,0.0129,12988524120,7677,-0.1,250.8882,250.8882,5.51,20.24
20.5,20.98,18.6,33338961,664796708,12532178530,0.0523,12615340330,27890,-0.0287,243.6797,243.6797,5.3517,19.66
19.0,19.17,17.69,28343609,516385284,11276410895,0.0445,11351239595,23480,-0.1002,219.2622,219.2622,4.8155,17.69
17.45,18.15,16.9,23736422,417447684,11308283170,0.0372,11383323370,19844,0.0028,219.8819,219.8819,4.8291,17.74
17.97,18.07,16.4,25486522,436796335,10460480655,0.04,10529894955,19745,-0.075,203.397,203.397,4.467,16.41
15.8,17.39,15.62,25392079,419473333,11027807150,0.0398,11100986150,20455,0.0542,214.4282,214.4282,4.7093,17.3
16.99,17.56,16.06,23670408,400785175,10345740465,0.0371,10414393365,18698,-0.0618,201.1659,201.1659,4.418,16.23
15.6,17.08,15.5,18185769,300924387,10632590940,0.0285,10705649340,15142,0.0277,206.7918,206.7918,4.5416,16.68
16.6,17.81,16.51,23846213,411198993,11301908715,0.0374,11379566115,19865,0.0629,219.8093,219.8093,4.8275,17.73
17.68,17.87,17.07,28015553,489052485,11314657625,0.0439,11392402625,21545,0.0011,220.0573,220.0573,4.8329,17.75
17.4,18.15,16.31,29314710,514796293,10447731745,0.046,10519519945,22805,-0.0766,203.1965,203.1965,4.4626,16.39
16.69,16.94,15.85,18115534,299709458,10753705585,0.0284,10827596185,15179,0.0293,209.1474,209.1474,4.5933,16.87
17.08,17.47,16.66,19916018,341728448,10823824590,0.0312,10898196990,14004,0.0065,210.5111,210.5111,4.6233,16.98
16.51,16.7,15.28,22864372,364818661,9740167240,0.0359,9807093640,17599,-0.1001,189.4352,189.4352,4.1604,15.28
15.41,15.55,13.75,27796337,410923053,9504312405,0.0436,9569618205,17219,-0.0242,184.8481,184.8481,4.0597,14.91
14.4,14.99,13.6,17595186,253165850,8694756620,0.0276,8754499820,12116,-0.0852,169.1032,169.1032,3.7139,13.64
13.66,15.0,13.66,25353408,372421018,9561682500,0.0398,9627382500,13239,0.0997,185.9639,185.9639,4.0842,15.0
15.15,15.94,14.81,38222019,585418284,9861281885,0.06,9929040485,24614,0.0313,191.7908,191.7908,4.2121,15.47
15.32,16.17,15.19,48774572,769029825,10211876910,0.0765,10282044510,28432,0.0356,198.6094,198.6094,4.3619,16.02
15.6,15.83,15.15,32023377,496143108,10065264445,0.0502,10134424645,23279,-0.0144,195.758,195.758,4.2993,15.79
15.72,16.13,15.72,30625824,487897737,10141757905,0.048,10211443705,21743,0.0076,197.2457,197.2457,4.3319,15.91
15.96,16.0,15.1,20030187,311139693,9682797145,0.0314,9749329345,16365,-0.0453,188.3194,188.3194,4.1359,15.19
14.55,15.38,14.55,17741502,264166276,9689171600,0.0278,9755747600,11984,0.0007,188.4434,188.4434,4.1386,15.2
15.36,16.47,15.36,31668150,506732284,10371238285,0.0497,10442500885,22170,0.0704,201.7088,201.7088,4.43,16.27
16.05,16.69,15.9,33352231,542878975,10568846390,0.0523,10641466790,24130,0.0191,205.5521,205.5521,4.5144,16.58
16.64,16.88,16.31,34751527,577478302,10734582220,0.0545,10808341420,23418,0.0157,208.7755,208.7755,4.5852,16.84
16.61,17.21,16.44,31359502,527445881,10830199045,0.0492,10904615245,24068,0.0089,210.6351,210.6351,4.626,16.99
17.15,17.29,16.91,29530233,504990780,10976811510,0.0463,11052235110,20548,0.0135,213.4865,213.4865,4.6886,17.22
17.22,17.25,16.4,25428393,427143939,10753705585,0.0399,10827596185,19129,-0.0203,209.1474,209.1474,4.5933,16.87
16.71,16.96,16.26,22241592,369678552,10747331130,0.0349,10821177930,15516,-0.0006,209.0234,209.0234,4.5906,16.86
16.8,16.8,15.17,27563024,435126431,9670048235,0.0432,9736492835,20914,-0.1002,188.0715,188.0715,4.1304,15.17
15.3,15.39,14.35,21137890,314380895,9344951030,0.0332,9409161830,15262,-0.0336,181.7487,181.7487,3.9916,14.66
14.63,14.63,13.19,23919363,324068187,8414280600,0.0375,8472096600,17322,-0.0996,163.6482,163.6482,3.5941,13.2
13.3,13.85,13.05,23291320,312255841,8713879985,0.0365,8773754585,15207,0.0356,169.4751,169.4751,3.722,13.67
13.59,14.65,13.59,27885230,393072728,9268457570,0.0437,9332142770,17218,0.0636,180.261,180.261,3.9589,14.54
14.5,15.42,14.4,33339874,498819272,9376823305,0.0523,9441253105,22305,0.0117,182.3686,182.3686,4.0052,14.71
14.55,14.68,14.0,28856445,415002221,9179215200,0.0453,9242287200,15802,-0.0211,178.5253,178.5253,3.9208,14.4
14.6,15.48,14.6,23601246,355812404,9676422690,0.037,9742911090,18286,0.0542,188.1955,188.1955,4.1332,15.18
14.85,16.18,14.5,36354625,557442392,10288370370,0.057,10359063570,27949,0.0632,200.0971,200.0971,4.3946,16.14
15.6,16.24,15.51,26115652,412765685,9912277525,0.041,9980386525,20676,-0.0366,192.7826,192.7826,4.2339,15.55
15.63,15.96,14.72,29611022,456271678,9402321125,0.0465,9466926125,22702,-0.0514,182.8645,182.8645,4.0161,14.75
14.31,14.67,14.21,14628254,210846150,9172840745,0.0229,9235868945,13188,-0.0244,178.4014,178.4014,3.9181,14.39
14.67,15.83,14.64,26089457,404515524,10090762265,0.0409,10160097665,17429,0.1001,196.2539,196.2539,4.3102,15.83
15.83,16.17,15.3,39669212,624941946,10141757905,0.0622,10211443705,28396,0.0051,197.2457,197.2457,4.3319,15.91
15.98,16.36,15.62,39288975,628072784,10014268805,0.0616,10083078605,28085,-0.0126,194.7662,194.7662,4.2775,15.71
15.76,16.73,15.55,51767107,838990055,10498727385,0.0812,10570865985,36283,0.0484,204.1884,204.1884,4.4844,16.47
16.48,17.24,16.32,49780331,837176129,10804701225,0.0781,10878942225,35729,0.0291,210.1392,210.1392,4.6151,16.95
17.0,17.39,16.8,44781226,764175148,10983185965,0.0703,11058653365,32454,0.0165,213.6105,213.6105,4.6913,17.23
17.0,17.08,16.8,29326400,496087794,10747331130,0.046,10821177930,21375,-0.0215,209.0234,209.0234,4.5906,16.86
16.78,17.06,16.55,25304867,425620640,10817450135,0.0397,10891778735,19049,0.0065,210.3871,210.3871,4.6205,16.97
16.71,17.4,16.46,31424706,531178097,10613467575,0.0493,10686394575,24030,-0.0189,206.4199,206.4199,4.5334,16.65
16.66,16.82,16.33,19742854,327173990,10658088760,0.031,10731322360,15306,0.0042,207.2878,207.2878,4.5525,16.72
16.89,17.19,16.35,25724103,434358238,10485978475,0.0404,10558029475,20476,-0.0161,203.9404,203.9404,4.479,16.45
16.35,16.59,15.61,23285848,375848399,10090762265,0.0365,10160097665,17356,-0.0377,196.2539,196.2539,4.3102,15.83
16.04,16.54,15.93,21858651,355341416,10536974115,0.0343,10609375515,16213,0.0442,204.9322,204.9322,4.5007,16.53
16.61,16.89,16.51,22745767,380002174,10536974115,0.0357,10609375515,17168,0.0,415.6001,487.2141,4.4877,16.53
16.4,16.49,16.0,19999783,326089019,10454106200,0.0314,10525938200,14184,-0.0079,412.3316,483.3824,4.4524,16.4
16.42,17.25,16.32,32212200,544352049,10913066960,0.0505,10988052560,23369,0.0439,430.434,504.6041,4.6479,17.12
17.07,18.13,16.96,50665321,885898167,11403899995,0.0795,11482258195,38018,0.045,449.7934,527.2994,4.8569,17.89
17.71,17.73,17.02,38484972,668697060,10881194685,0.0604,10955961285,32182,-0.0458,429.1769,503.1303,4.6343,17.07
16.92,17.5,16.61,29706760,507310213,10855696865,0.0466,10930288265,25301,-0.0023,428.1712,501.9513,4.6234,17.03
17.2,17.69,17.12,29133401,508136346,11091551700,0.0457,11167763700,25834,0.0217,437.4738,512.8569,4.7239,17.4
17.35,17.8,17.2,30539722,535016547,11257287530,0.0479,11334638330,24735,0.0149,444.0107,520.5203,4.7945,17.66
17.71,18.15,17.5,41118976,734841097,11238164165,0.0645,11315383565,31460,-0.0017,443.2565,519.6361,4.7863,17.63
17.75,17.82,17.5,21883665,386790525,11321032080,0.0343,11398820880,17481,0.0074,446.525,523.4678,4.8216,17.76
17.8,17.87,17.35,18964241,332677292,11148921795,0.0298,11225527995,16496,-0.0152,439.7366,515.5096,4.7483,17.49
17.2,17.2,16.73,20106778,340292615,10728207765,0.0315,10801923165,16989,-0.0377,423.1427,496.0564,4.5691,16.83
16.96,17.12,16.76,12873927,217593515,10779203405,0.0202,10853269205,10133,0.0048,425.1541,498.4144,4.5908,16.91
17.14,17.27,15.42,31030159,505857768,10103511175,0.0487,10172934175,25430,-0.0627,398.5034,467.1714,4.3031,15.85
15.81,15.88,15.4,17993315,282273338,9848532975,0.0282,9916203975,14165,-0.0252,388.4465,455.3816,4.1945,15.45
15.2,15.52,15.05,13777165,211519535,9880405250,0.0216,9948295250,11067,0.0032,389.7036,456.8553,4.208,15.5
15.35,15.47,15.11,10727973,164044941,9791162880,0.0168,9858439680,8245,-0.009,386.1837,452.7289,4.17,15.36
15.32,15.72,15.31,11000508,171088995,10007894350,0.0173,10076660350,9306,0.0221,394.7321,462.7502,4.2623,15.7
15.61,15.84,15.4,12640310,197840744,9835784065,0.0198,9903367465,10118,-0.0172,387.9437,454.7921,4.189,15.43
15.47,15.56,14.8,15075042,228085173,9714669420,0.0236,9781420620,12128,-0.0123,383.1667,449.1919,4.1375,15.24
15.09,15.31,15.03,7652131,116215423,9650924870,0.012,9717238070,6018,-0.0066,380.6525,446.2445,4.1103,15.14
15.15,15.7,15.02,13852602,214960892,10001519895,0.0217,10070242095,10839,0.0363,394.4807,462.4555,4.2596,15.69
15.69,15.84,15.6,12591923,198086971,10020643260,0.0198,10089496860,9619,0.0019,395.2349,463.3397,4.2678,15.72
15.8,16.06,15.73,14902116,237289732,10180004635,0.0234,10249953235,12159,0.0159,401.5205,470.7083,4.3356,15.97
15.9,16.05,15.06,18017434,279481682,9619052595,0.0283,9685146795,15669,-0.0551,379.3954,444.7707,4.0967,15.09
14.97,15.0,14.1,14095792,204814232,9096347285,0.0221,9158849885,12174,-0.0543,358.7788,420.6016,3.8741,14.27
14.31,14.55,14.27,8281460,119433964,9230210840,0.013,9293633240,7320,0.0147,364.0586,426.7913,3.9311,14.48
10.53,10.67,10.21,10420043,108937078,9147342925,0.0117,9210195925,8450,-0.0058,360.7901,422.9596,3.8958,10.25
10.0,10.07,9.56,14706380,145056633,8933161237,0.0165,8994542557,10769,-0.0234,352.3424,413.0561,3.8046,10.01
9.98,10.16,9.72,11905595,118653822,8799297682,0.0133,8859759202,8387,-0.015,347.0625,406.8665,3.7476,9.86
9.83,10.08,9.76,10482922,104458386,8977782422,0.0117,9039470342,6684,0.0203,354.1023,415.1194,3.8236,10.06
10.07,10.4,9.88,19302435,195064662,9067024792,0.0216,9129325912,11517,0.0099,357.6222,419.2458,3.8616,10.16
10.03,10.07,9.6,16353081,161135824,8701131075,0.0183,8760918075,9694,-0.0404,343.1906,402.3274,3.7058,9.75
9.8,10.23,9.77,21551906,216167352,8843918867,0.0241,8904686987,12948,0.0164,348.8225,408.9297,3.7666,9.91
9.85,10.17,9.71,16495845,165019690,9013479370,0.0185,9075412570,9636,0.0192,355.5103,416.7699,3.8388,10.1
10.14,10.35,10.14,22676663,232661773,9227661058,0.0254,9291065938,12423,0.0238,363.9581,426.6734,3.93,10.34
10.31,10.32,10.03,15740809,159514087,9049176318,0.0176,9111354798,9727,-0.0193,356.9183,418.4205,3.854,10.14
10.26,10.44,10.13,18693538,192366234,9058100555,0.0209,9120340355,11711,0.001,357.2702,418.8332,3.8578,10.15
10.13,10.28,9.87,18187683,182918348,9156267162,0.0204,9219181482,11467,0.0108,361.1421,423.3722,3.8996,10.26
10.25,10.32,10.15,13221746,135184841,9067024792,0.0148,9129325912,8359,-0.0097,357.6222,419.2458,3.8616,10.16
10.12,10.22,9.92,10237862,103239141,8977782422,0.0115,9039470342,6721,-0.0098,354.1023,415.1194,3.8236,10.06
10.13,10.88,10.08,37379290,395191744,9682797145,0.0419,9749329345,23007,0.0785,381.9096,447.7182,4.1239,10.85
10.85,10.93,10.7,26389704,284924163,9593554775,0.0296,9659473775,15805,-0.0092,378.3897,443.5918,4.0859,10.75
10.71,10.83,10.67,19939110,214338226,9656024434,0.0223,9722372674,10818,0.0065,380.8536,446.4803,4.1125,10.82
10.81,11.15,10.65,35678390,389216422,9843433411,0.04,9911069371,18274,0.0194,388.2454,455.1458,4.1923,11.03
11.02,11.04,10.82,18964844,207095010,9727418330,0.0213,9794257130,11114,-0.0118,383.6695,449.7814,4.1429,10.9
10.94,10.98,10.78,15880959,172896243,9754191041,0.0178,9821213801,8692,0.0028,384.7255,451.0193,4.1543,10.93
10.97,11.03,10.81,17566554,191519943,9736342567,0.0197,9803242687,9866,-0.0018,384.0215,450.1941,4.1467,10.91
10.75,10.75,9.9,22820067,239073440,8959933948,0.0256,9021499228,14140,-0.0797,353.3984,414.2941,3.816,10.04
10.02,10.12,9.92,14188772,142055694,8951009711,0.0159,9012513671,8696,-0.001,353.0464,413.8814,3.8122,10.03
9.91,10.55,9.86,19234288,198141738,9281206480,0.0216,9344979280,12121,0.0369,366.07,429.1492,3.9528,10.4
10.38,10.54,10.31,16272988,169343380,9254433769,0.0182,9318022609,8188,-0.0029,365.014,427.9113,3.9414,10.37
10.38,10.65,10.32,16675920,174862873,9299054954,0.0187,9362950394,8582,0.0048,366.774,429.9745,3.9604,10.42
10.46,10.57,10.11,13677060,142151474,9370448850,0.0153,9434834850,7747,0.0077,369.5899,433.2757,3.9909,10.5
10.6,10.75,10.22,20568480,215844540,9174115636,0.023,9237152596,10577,-0.021,361.8461,424.1975,3.9072,10.28
10.16,10.6,10.16,16879786,175817523,9450766983,0.0189,9515704863,8809,0.0302,372.7578,436.9895,4.0251,10.59
10.56,10.85,10.49,29036791,309840662,9575706301,0.0325,9641502661,14231,0.0132,377.6857,442.7665,4.0783,10.73
10.65,10.74,10.02,29101715,305183496,9343676139,0.0326,9407878179,13837,-0.0242,368.5339,432.0377,3.9795,10.47
10.35,11.49,10.35,50688916,559535872,10004069677,0.0568,10072809397,28152,0.0707,394.5812,462.5734,4.2607,11.21
11.1,11.37,10.96,45417414,506965741,10111160521,0.0509,10180636081,22672,0.0107,398.8051,467.5251,4.3063,11.33
11.39,11.42,11.12,29042390,326298337,9977296966,0.0325,10045852726,14953,-0.0132,393.5253,461.3354,4.2493,11.18
11.26,11.45,11.15,25109532,283561069,10012993914,0.0281,10081794954,14156,0.0036,394.9332,462.986,4.2645,11.22
11.24,11.45,11.13,22491180,253644173,9968372729,0.0252,10036867169,12730,-0.0045,393.1733,460.9228,4.2455,11.17
11.12,11.62,11.05,36568411,416728524,10343190683,0.041,10383057965,18666,0.0376,406.7346,476.8209,4.3919,11.59
11.6,11.6,11.39,28952366,332270940,10289645261,0.0324,10329306155,14840,-0.0052,404.6289,474.3525,4.3692,11.53
11.44,11.59,11.36,23327346,267809247,10316417972,0.0261,10356182060,11794,0.0026,405.6818,475.5867,4.3806,11.56
11.53,11.69,11.33,25481670,292673930,10236099839,0.0286,10275554345,14034,-0.0078,402.5233,471.884,4.3465,11.47
11.4,11.62,11.3,20809105,238881273,10227175602,0.0233,10266595710,11635,-0.0009,402.1724,471.4726,4.3427,11.46
11.5,11.88,11.42,37180534,433772381,10289645261,0.0417,10329306155,20387,0.0061,404.6289,474.3525,4.3692,11.53
11.53,11.79,11.18,37215312,428378601,10441357290,0.0417,10481602950,19676,0.0147,410.5949,481.3464,4.4336,11.7
11.67,11.86,11.61,30403260,357179887,10530599660,0.0341,10571189300,15822,0.0085,414.1042,485.4605,4.4715,11.8
11.8,12.25,11.69,44652854,534253855,10878644903,0.05,10920576065,23903,0.0331,427.7907,501.5053,4.6193,12.19
12.1,12.17,11.9,25004328,300126353,10682311689,0.028,10723486095,14536,-0.018,420.0701,492.4544,4.5359,11.97
11.93,12.03,11.78,18835661,223990930,10646614741,0.0211,10687651555,10738,-0.0033,418.6664,490.8087,4.5208,11.93
11.93,12.17,11.83,23174754,278717670,10851872192,0.026,10893700160,12534,0.0193,426.7379,500.2711,4.6079,12.16
12.16,12.16,11.9,17032118,205011804,10655538978,0.0191,10696610190,10080,-0.0181,419.0173,491.2202,4.5246,11.94
11.99,12.17,11.93,24436554,294636950,10700160163,0.0274,10741403365,11188,0.0042,420.772,493.2772,4.5435,11.99
11.96,12.06,11.81,21262757,253173742,10575220845,0.0238,10615982475,11105,-0.0117,415.8589,487.5175,4.4905,11.85
11.81,12.1,11.75,19280198,230395059,10593069319,0.0216,10633899745,8686,0.0017,416.5608,488.3403,4.498,11.87
11.88,12.02,11.85,15794978,188592879,10682311689,0.0177,10723486095,7238,0.0084,420.0701,492.4544,4.5359,11.97
12.01,12.2,11.21,40750531,478870199,10102236284,0.0457,10141174820,20523,-0.0543,397.2593,465.7129,4.2896,11.32
11.33,11.4,10.88,27451603,305497332,9888054596,0.0308,9926167580,13074,-0.0212,388.8368,455.8391,4.1987,11.08
11.09,11.18,10.94,12961288,143577653,9888054596,0.0145,9926167580,6792,0.0,388.8368,455.8391,4.1987,11.08
11.03,11.03,10.57,15316389,165406576,9575706301,0.0172,9612615355,8679,-0.0316,376.5541,441.4399,4.0661,10.73
10.82,10.95,10.33,9292368,100784035,9727418330,0.0104,9764912150,4956,0.0158,382.52,448.4338,4.1305,10.9
10.88,10.9,10.71,9590405,103493810,9620327486,0.0107,9657408530,5593,-0.011,378.3088,443.4969,4.085,10.78
10.78,11.0,10.62,13521932,146573958,9754191041,0.0152,9791788055,7308,0.0139,383.5728,449.668,4.1418,10.93
10.88,10.9,10.71,9789493,105869630,9575706301,0.011,9612615355,5391,-0.0183,376.5541,441.4399,4.0661,10.73
10.71,11.0,10.61,12082924,131210649,9816660700,0.0135,9854498500,6532,0.0252,386.0294,452.5479,4.1684,11.0
11.0,11.1,10.9,10689246,117777739,9896978833,0.012,9935126215,5410,0.0082,389.1878,456.2505,4.2025,11.09
11.1,11.13,10.94,9727756,107158212,9789887989,0.0109,9827622595,5343,-0.0108,384.9765,451.3137,4.157,10.97
10.9,10.99,10.71,10984944,118890715,9557857827,0.0123,9594698085,5854,-0.0237,375.8522,440.6171,4.0585,10.71
10.7,10.86,10.65,9003015,96712427,9656024434,0.0101,9693243070,4781,0.0103,379.7125,445.1426,4.1002,10.82
10.92,11.33,10.9,22625589,251924931,9995145440,0.0254,10033671200,12246,0.0351,393.0481,460.776,4.2442,11.2
11.21,11.34,11.13,14913119,166939878,9995145440,0.0167,10033671200,7276,0.0,393.0481,460.776,4.2442,11.2
11.18,11.31,11.15,14039213,157567876,10012993914,0.0157,10051588470,6291,0.0018,393.7499,461.5988,4.2517,11.22
11.22,11.46,11.16,16861467,190309466,10066539336,0.0189,10105340280,7983,0.0053,395.8556,464.0673,4.2745,11.28
11.29,11.36,11.17,12959156,145922817,10039766625,0.0145,10078464375,6213,-0.0027,394.8027,462.8331,4.2631,11.25
11.26,11.54,11.26,19996408,228012052,10191478654,0.0224,10230761170,10495,0.0151,400.7687,469.827,4.3275,11.42
11.36,11.45,11.15,14418622,162380900,10057615099,0.0162,10096381645,7492,-0.0131,395.5046,463.6559,4.2707,11.27
11.26,11.39,11.17,10142494,114236595,10066539336,0.0114,10105340280,4918,0.0009,338.7762,154.4209,4.26,11.28
11.2,11.2,10.96,11779117,130324699,9896978833,0.0132,9935126215,6163,-0.0168,333.0698,151.8198,4.1882,11.09
11.13,11.21,11.01,12574914,139784634,9879130359,0.0141,9917208945,5723,-0.0018,332.4692,151.546,4.1806,11.07
11.07,11.16,11.0,6995561,77494156,9914827307,0.0078,9953043485,3475,0.0036,333.6705,152.0936,4.1957,11.11
11.11,11.18,11.06,7213836,80155376,9905903070,0.0081,9944084850,3571,-0.0009,333.3702,151.9567,4.192,11.1
11.13,11.14,10.99,8702383,96365846,9879130359,0.0098,9917208945,4468,-0.0027,332.4692,151.546,4.1806,11.07
11.09,11.2,11.04,12261272,136383981,9879130359,0.0137,9917208945,5713,0.0,332.4692,151.546,4.1806,11.07
11.08,11.16,10.99,9426234,104332310,9852357648,0.0106,9890333040,5011,-0.0027,331.5682,151.1353,4.1693,11.04
11.09,11.12,10.96,8997645,99446472,9834509174,0.0101,9872415770,4398,-0.0018,330.9675,150.8615,4.1618,11.02
11.03,11.3,10.94,15595945,173596055,10075463573,0.0175,10114298915,8098,0.0245,339.0765,154.5578,4.2637,11.29
11.28,11.54,11.2,23906504,272334375,10137933232,0.0268,10177009360,11269,0.0062,341.1788,155.5161,4.2902,11.36
11.3,11.5,11.27,14221903,162275875,10200402891,0.0159,10239719805,7097,0.0062,343.2812,156.4743,4.3166,11.43
11.44,11.53,11.2,13617854,154886972,10084387810,0.0153,10123257550,6033,-0.0114,339.3768,154.6947,4.2675,11.3
11.05,11.14,10.86,16766927,184511150,9718494093,0.0188,9755953515,7818,-0.0363,327.0632,149.0819,4.1127,10.89
10.99,11.0,10.87,8375347,91559130,9772039515,0.0094,9809705325,3687,0.0055,328.8652,149.9032,4.1353,10.95
10.91,11.03,10.81,8711680,95031037,9700645619,0.0098,9738036245,4012,-0.0073,326.4625,148.8081,4.1051,10.87
10.87,11.07,10.87,8854359,97365280,9852357648,0.0099,9890333040,3732,0.0156,331.5682,151.1353,4.1693,11.04
11.06,11.12,10.95,8942485,98567158,9816660700,0.01,9854498500,3249,-0.0036,330.3668,150.5877,4.1542,11.0
11.0,11.08,10.97,6868275,75740909,9825584937,0.0077,9863457135,2840,0.0009,330.6672,150.7246,4.158,11.01
11.08,11.77,11.02,31873788,362321875,10352114920,0.0357,10392016600,12750,0.0536,348.3868,158.8016,4.3808,11.6
11.5,12.65,11.5,91013672,1100137457,10878644903,0.102,10920576065,47516,0.0509,366.1065,166.8786,4.6036,12.19
12.1,12.35,11.93,49943414,605843430,10726932874,0.056,10768279270,26384,-0.0139,361.0008,164.5513,4.5394,12.02
11.99,12.49,11.76,52148574,629634257,11101750828,0.0584,11144541940,26769,0.0349,373.6149,170.301,4.698,12.44
12.34,12.5,12.23,33954828,418827396,10941114562,0.038,10983286510,17530,-0.0145,368.2088,167.8369,4.6301,12.26
12.17,12.25,11.98,30011221,362973515,10744781348,0.0336,10786196540,14834,-0.0179,361.6015,164.8251,4.547,12.04
12.0,12.12,11.89,18011888,216475664,10762629822,0.0202,10804113810,9286,0.0017,362.2022,165.0989,4.5545,12.06
12.24,13.27,12.24,63168144,811622431,11842462499,0.0708,11888108645,27673,0.1003,398.5425,181.6636,5.0115,13.27
13.85,14.46,13.65,139731315,1956179291,12627795355,0.1566,12676468525,77526,0.0663,424.9719,193.7106,5.3438,14.15
13.94,14.13,13.69,75596715,1049937886,12333295534,0.0847,15263971644,43216,-0.0233,511.7165,233.2505,6.4346,13.82
13.68,13.99,13.67,49116766,678838126,12324371297,0.055,15252926802,28046,-0.0007,511.3463,233.0817,6.4299,13.81
13.78,13.8,13.21,61832431,827945258,11824614025,0.0693,14634415650,34425,-0.0406,490.611,223.6302,6.1692,13.25
13.3,13.55,13.14,48486370,648751304,11824614025,0.0543,14634415650,24940,0.0,490.611,223.6302,6.1692,13.25
13.32,13.98,13.21,67149867,916117707,12449310615,0.0752,15407554590,36741,0.0528,516.5301,235.4446,6.4951,13.95
13.99,13.99,13.51,45316367,621179118,12172659268,0.0508,15065164488,27316,-0.0222,505.0516,230.2125,6.3508,13.64
13.61,13.76,13.31,27876824,376103820,12020947239,0.0312,14877402174,19348,-0.0125,498.757,227.3433,6.2716,13.47
13.48,13.6,13.15,27915380,372005258,11940629106,0.0313,14777998596,16709,-0.0067,495.4246,225.8243,6.2297,13.38
13.56,13.66,13.3,23705719,319244545,11994174528,0.0266,14844267648,14920,0.0045,497.6462,226.837,6.2577,13.44
13.4,13.63,13.22,34695718,466066290,12101265372,0.0389,14976805752,19645,0.0089,502.0895,228.8623,6.3135,13.56
13.51,13.52,13.15,27362586,364005667,11806765551,0.0307,14612325966,15718,-0.0243,454.406,434.8774,3.0768,13.23
13.28,13.44,13.2,17636427,234905680,11922780632,0.0198,14755908912,10535,0.0098,458.8711,439.1506,3.1071,13.36
13.41,13.41,12.63,35930360,465126498,11333780990,0.0403,14026949340,22621,-0.0494,436.2023,417.456,2.9536,12.7
12.58,12.8,12.48,14926349,188729081,11351629464,0.0167,14049039024,9155,0.0016,436.8893,418.1134,2.9582,12.72
12.76,13.09,12.63,18431905,237685576,11565811152,0.0207,14314115232,11540,0.0189,445.1324,426.0024,3.014,12.96
12.96,13.08,12.67,16662620,215076388,11342705227,0.0187,14037994182,10389,-0.0193,436.5458,417.7847,2.9559,12.71
12.65,13.04,12.51,16191917,207995077,11440871834,0.0181,14159487444,10456,0.0087,440.3239,421.4005,2.9815,12.82
12.84,13.18,12.81,21102791,274710544,11556886915,0.0236,14303070390,13605,0.0101,444.789,425.6737,3.0117,12.95
12.92,13.12,12.85,12409950,160514689,11539038441,0.0139,14280980706,8339,-0.0015,444.102,425.0163,3.007,12.93
13.04,13.35,12.83,27219868,357608837,11887083684,0.0305,14711729544,17237,0.0302,457.4972,437.8358,3.0977,13.32
13.27,13.39,12.83,24845225,324831723,11547962678,0.0278,14292025548,15511,-0.0285,444.4455,425.345,3.0094,12.94
13.12,13.22,12.98,17085940,223544964,11646129285,0.0191,14413518810,9385,0.0085,448.2236,428.9607,3.035,13.05
13.09,13.18,12.87,16557705,215400013,11619356574,0.0186,14380384284,9834,-0.0023,447.1932,427.9746,3.028,13.02
12.98,13.63,12.95,41349016,554045599,12128038083,0.0463,15009940278,26749,0.0438,466.7708,446.7108,3.1605,13.59
13.49,13.65,13.35,21930262,295484534,12092341135,0.0246,14965760910,14210,-0.0029,465.397,445.396,3.1512,13.55
13.57,13.63,13.25,24152560,324461412,11851386736,0.0271,14667550176,14750,-0.0199,456.1234,436.521,3.0884,13.28
13.2,13.28,12.79,36195590,467949004,11440871834,0.0406,14159487444,19948,-0.0346,440.3239,421.4005,2.9815,12.82
12.8,12.92,12.67,16022098,204911381,11351629464,0.018,14049039024,10395,-0.0078,436.8893,418.1134,2.9582,12.72
12.7,12.93,12.69,13239384,169894477,11449796071,0.0148,14170532286,8413,0.0086,440.6674,421.7292,2.9838,12.83
12.95,12.95,12.74,11377298,145963383,11467644545,0.0127,14192621970,7540,0.0016,441.3543,422.3866,2.9884,12.85
12.83,12.91,12.5,23676034,299647187,11173144724,0.0265,13828142184,13885,-0.0257,430.0199,411.5393,2.9117,12.52
12.54,12.65,12.47,12112828,151881112,11164220487,0.0136,13817097342,8393,-0.0008,429.6765,411.2106,2.9094,12.51
12.45,12.81,12.29,22164448,279815690,11414099123,0.0248,14126352918,14296,0.0224,439.2935,420.4144,2.9745,12.79
12.71,12.81,12.65,11371670,144767508,11333780990,0.0127,14026949340,6805,-0.007,436.2023,417.456,2.9536,12.7
12.7,12.78,12.48,13164447,165835729,11164220487,0.0148,13817097342,8101,-0.015,429.6765,411.2106,2.9094,12.51
12.41,12.68,12.33,10317157,128900513,11101750828,0.0116,13739783448,7214,-0.0056,427.2722,408.9097,2.8931,12.44
12.45,12.59,12.38,8896560,111005221,11155296250,0.01,13806052500,4818,0.0048,429.333,410.8819,2.907,12.5
12.49,12.54,12.05,14810166,181247010,10762629822,0.0166,13320079452,9953,-0.0352,414.2205,396.4189,2.8047,12.06
12.02,12.26,11.93,9215658,112010358,10789402533,0.0103,13353213978,6057,0.0025,415.2509,397.405,2.8117,12.09
12.12,12.42,12.12,9222485,113256696,10860796429,0.0103,13441572714,5464,0.0066,417.9986,400.0346,2.8303,12.17
12.21,12.34,12.16,5980966,73320360,10976811510,0.0067,13585155660,4111,0.0107,422.4637,404.3078,2.8605,12.3
12.33,12.4,12.18,9144912,112421627,11030356932,0.0102,13651424712,5705,0.0049,424.5245,406.28,2.8745,12.36
12.36,12.36,12.06,8503336,103877296,10771554059,0.0095,13331124294,5446,-0.0235,414.5639,396.7476,2.807,12.07
12.07,12.14,11.11,19903625,229390714,9995145440,0.0223,12370223040,12184,-0.0721,384.6824,368.1502,2.6047,11.2
11.23,11.35,11.01,9265329,103666319,10048690862,0.0104,12436492092,5655,0.0054,386.7432,370.1224,2.6187,11.26
11.26,11.31,11.1,7054123,79030929,10030842388,0.0079,12414402408,4348,-0.0018,386.0562,369.465,2.614,11.24
11.35,11.45,11.2,7526011,85161083,10084387810,0.0084,12480671460,4762,0.0053,388.117,371.4373,2.628,11.3
11.29,11.57,11.27,7669829,87836854,10218251365,0.0086,12646344090,4765,0.0133,393.269,376.3678,2.6629,11.45
11.49,11.5,11.22,6924598,78545010,10075463573,0.0078,12469626618,4389,-0.014,387.7736,371.1086,2.6256,11.29
11.35,11.44,11.25,5305614,60026523,10102236284,0.0059,12502761144,3329,0.0027,388.804,372.0947,2.6326,11.32
11.32,11.45,11.3,5897732,67194547,10164705943,0.0066,12580075038,3200,0.0062,391.2082,374.3956,2.6489,11.39
11.43,11.47,11.21,6125110,69225476,10075463573,0.0069,12469626618,3434,-0.0088,387.7736,371.1086,2.6256,11.29
11.31,11.35,11.18,6182015,69700784,10021918151,0.0069,12403357566,3703,-0.0053,385.7128,369.1363,2.6117,11.23
11.18,11.2,10.92,8635510,95528206,9986221203,0.0097,12359178198,5230,-0.0036,384.3389,367.8215,2.6024,11.19
11.2,11.26,11.13,4827867,54050117,9959448492,0.0054,12326043672,2971,-0.0027,383.3085,366.8354,2.5954,11.16
11.2,11.23,11.01,5981929,66282937,9834509174,0.0067,12171415884,3795,-0.0125,378.5,362.2335,2.5629,11.02
11.04,11.1,10.99,5675886,62654086,9834509174,0.0064,12171415884,3632,0.0,378.5,362.2335,2.5629,11.02
11.03,11.06,10.85,7044414,77061749,9700645619,0.0079,12005743254,4645,-0.0136,373.348,357.3029,2.528,10.87
10.97,11.08,10.93,5951974,65494363,9816660700,0.0067,12149326200,3813,0.012,377.813,361.5761,2.5582,11.0
10.98,11.45,10.91,16064823,180156099,10093312047,0.018,12491716302,8847,0.0282,388.4605,371.766,2.6303,11.31
11.26,11.36,11.2,6250955,70473949,10039766625,0.007,12425447250,4386,-0.0053,386.3997,369.7937,2.6163,11.25
11.24,11.3,11.09,6147641,68720756,9959448492,0.0069,12326043672,3979,-0.008,383.3085,366.8354,2.5954,11.16
11.08,11.22,11.08,5594811,62436482,9977296966,0.0063,12348133356,3433,0.0018,383.9954,367.4928,2.6001,11.18
11.18,11.28,11.16,6209984,69768435,10030842388,0.007,12414402408,3865,0.0054,386.0562,369.465,2.614,11.24
11.17,11.24,10.99,7288160,80911336,9816660700,0.0082,12149326200,4536,-0.0214,377.813,361.5761,2.5582,11.0
11.02,11.09,10.91,4927116,54115980,9745266804,0.0055,12060967464,3171,-0.0073,375.0653,358.9465,2.5396,10.92
10.93,10.99,10.3,14009202,148734062,9263358006,0.0157,11464545996,8011,-0.0495,356.5181,341.1964,2.414,10.38
10.3,10.4,9.4,15141537,150699697,8826070393,0.017,10923348738,7943,-0.0472,339.6883,325.0898,2.3001,9.89
9.93,10.15,9.8,8230605,82323615,9004555133,0.0092,11144245578,4322,0.0202,346.5576,331.6639,2.3466,10.09
10.11,10.11,9.85,6800054,67719647,8808221919,0.0076,10901259054,3873,-0.0218,339.0013,324.4324,2.2954,9.87
9.87,10.03,9.8,4952558,49144255,8826070393,0.0055,10923348738,2920,0.002,339.6883,325.0898,2.3001,9.89
9.96,10.42,9.9,14699720,150384166,9174115636,0.0165,11354097576,7581,0.0394,353.0835,337.9093,2.3908,10.28
10.27,10.36,10.12,8225718,84181425,9165191399,0.0092,11343052734,4704,-0.001,352.74,337.5806,2.3884,10.27
10.23,10.24,10.09,4936990,50107246,9049176318,0.0055,11199469788,3457,-0.0127,348.2749,333.3074,2.3582,10.14
10.05,10.28,10.05,6165692,62887603,9075949029,0.0069,11232604314,2861,0.003,349.3053,334.2935,2.3652,10.17
10.22,10.24,10.12,5832891,59342113,9093797503,0.0065,11254693998,2741,0.002,349.9923,334.9509,2.3698,10.19
10.2,10.46,10.09,6663529,68373785,9147342925,0.0075,11320963050,3800,0.0059,352.0531,336.9232,2.3838,10.25
10.21,10.41,10.2,6659277,68750797,9281206480,0.0075,11486635680,3893,0.0146,357.2051,341.8538,2.4187,10.4
10.4,10.4,10.1,9367763,95845584,9111645977,0.0105,11276783682,5280,-0.0183,350.6792,335.6084,2.3745,10.21
10.18,10.34,10.12,7616270,77922863,9218736821,0.0085,11409321786,4013,0.0118,354.8008,339.5528,2.4024,10.33
10.31,10.39,10.26,8976737,92775463,9263358006,0.0101,11464545996,4633,0.0048,356.5181,341.1964,2.414,10.38
10.37,10.44,10.3,9046393,93875320,9272282243,0.0101,11475590838,4460,0.001,356.8616,341.5251,2.4163,10.39
10.35,10.47,10.24,10059987,104278304,9281206480,0.0113,11486635680,4727,0.001,357.2051,341.8538,2.4187,10.4
10.4,10.54,10.38,7823450,81742517,9307979191,0.0088,11519770206,4510,0.0029,358.2355,342.8399,2.4256,10.43
10.42,10.49,10.26,7207441,74834747,9200888347,0.0081,11387232102,4057,-0.0115,354.1139,338.8954,2.3977,10.31
10.29,10.39,10.27,5585997,57758932,9245509532,0.0063,11442456312,3151,0.0048,355.8312,340.5389,2.4094,10.36
10.36,10.39,10.14,8624162,88364169,9058100555,0.0097,11210514630,4492,-0.0203,348.6184,333.6361,2.3605,10.15
10.15,10.3,10.15,5850484,59889840,9183039873,0.0066,11365142418,3547,0.0138,353.4269,338.238,2.3931,10.29
10.31,10.69,10.3,19161455,201840356,9450766983,0.0215,11696487678,11261,0.0292,363.7309,348.0992,2.4628,10.59
10.59,10.62,10.51,9203539,97117839,9468615457,0.0103,11718577362,5411,0.0019,364.4178,348.7566,2.4675,10.61
10.65,10.77,10.52,12525906,133492300,9566782064,0.014,11840070624,7489,0.0104,368.196,352.3723,2.4931,10.72
10.69,10.98,10.62,15726508,170177819,9620327486,0.0176,11906339676,9180,0.0056,370.2568,354.3446,2.507,10.78
10.85,10.96,10.52,16419466,175916639,9415070035,0.0184,11652308310,10559,-0.0213,362.357,346.7843,2.4535,10.55
10.54,10.65,10.49,9529865,100679416,9468615457,0.0107,11718577362,5473,0.0057,364.4178,348.7566,2.4675,10.61
10.61,10.65,10.53,7104757,75221363,9432918509,0.008,11674397994,4118,-0.0038,363.044,347.4418,2.4582,10.57
10.59,10.64,10.51,7955954,83988045,9432918509,0.0089,11674397994,4318,0.0,363.044,347.4418,2.4582,10.57
10.52,10.55,10.35,9264824,96679691,9352600376,0.0104,11574994416,4875,-0.0085,359.9528,344.4834,2.4373,10.48
10.52,10.69,10.46,9892036,105112023,9513236642,0.0111,11773801572,5501,0.0172,366.1352,350.4001,2.4791,10.66
10.64,10.71,10.53,8330130,88523638,9540009353,0.0093,11806936098,5030,0.0028,367.1656,351.3862,2.4861,10.69
10.63,10.64,10.56,8249230,87403221,9468615457,0.0092,11718577362,4154,-0.0075,364.4178,348.7566,2.4675,10.61
10.58,10.58,10.38,8051634,84138934,9290130717,0.009,11497680522,4894,-0.0189,357.5485,342.1825,2.421,10.41
10.36,10.45,10.25,8013379,82884148,9147342925,0.009,11320963050,4637,-0.0154,352.0531,336.9232,2.3838,10.25
10.21,10.41,10.19,6347730,65523352,9281206480,0.0071,11486635680,6905,0.0146,357.2051,341.8538,2.4187,10.4
10.4,10.49,10.33,5049697,52580704,9245509532,0.0057,11442456312,3532,-0.0038,355.8312,340.5389,2.4094,10.36
10.4,10.4,10.25,5997515,61825146,9183039873,0.0067,11365142418,3522,-0.0068,353.4269,338.238,2.3931,10.29
10.29,10.44,10.29,8052443,83720407,9299054954,0.009,11508725364,4729,0.0126,357.892,342.5112,2.4233,10.42
10.47,10.53,10.33,10794319,112711873,9227661058,0.0121,11420366628,5751,-0.0077,355.1443,339.8815,2.4047,10.34
10.31,10.37,10.21,7644628,78638591,9218736821,0.0086,11409321786,4042,-0.001,354.8008,339.5528,2.4024,10.33
10.35,10.35,10.22,7270011,74616949,9165191399,0.0081,11343052734,4248,-0.0058,352.74,337.5806,2.3884,10.27
10.21,10.3,10.1,6719744,68426127,9067024792,0.0075,11221559472,4546,-0.0107,348.9619,333.9648,2.3628,10.16
10.15,10.21,10.02,7640802,77318851,9013479370,0.0086,11155290420,4822,-0.0059,346.9011,331.9926,2.3489,10.1
10.13,10.16,10.03,6396056,64546457,9058100555,0.0072,11210514630,4127,0.005,348.6184,333.6361,2.3605,10.15
10.16,10.21,10.13,6166543,62694910,9084873266,0.0069,11243649156,3512,0.003,349.6488,334.6222,2.3675,10.18
10.18,10.23,10.1,4871421,49465503,9058100555,0.0055,11210514630,3067,-0.0029,348.6184,333.6361,2.3605,10.15
10.22,10.29,10.15,7522855,76948520,9093797503,0.0084,11254693998,4834,0.0039,349.9923,334.9509,2.3698,10.19
10.14,10.18,9.8,12033418,119832737,8772524971,0.0135,10857079686,8036,-0.0353,337.6275,323.1175,2.2861,9.83
9.88,9.97,9.8,6073466,60007408,8834994630,0.0068,10934393580,4627,0.0071,340.0317,325.4185,2.3024,9.9
9.92,10.22,9.92,9046561,91499948,9084873266,0.0101,11243649156,5639,0.0283,349.6488,334.6222,2.3675,10.18
10.18,10.3,10.12,8432218,85929030,9067024792,0.0094,11221559472,5127,-0.002,348.9619,333.9648,2.3628,10.16
10.14,10.35,10.08,14685103,150197768,9200888347,0.0165,11387232102,7746,0.0148,354.1139,338.8954,2.3977,10.31
10.23,10.27,10.04,12315634,125108230,8995630896,0.0138,11133200736,9297,-0.0223,346.2141,331.3352,2.3442,10.08
10.08,11.09,10.08,46048393,504947330,9896978833,0.0516,12248729778,13852,0.1002,380.9042,364.5344,2.5791,11.09
11.15,11.3,10.81,50202756,553387699,9825584937,0.0563,12160371042,25388,-0.0072,378.1565,361.9048,2.5605,11.01
10.9,11.09,10.73,26613490,289908837,9736342567,0.0298,12049922622,14363,-0.0091,374.7218,358.6177,2.5373,10.91
10.82,11.02,10.51,21620563,232038926,9468615457,0.0242,11718577362,12617,-0.0275,364.4178,348.7566,2.4675,10.61
10.63,10.8,10.35,17474918,184520960,9441842746,0.0196,11685442836,9822,-0.0028,363.3874,347.7705,2.4605,10.58
10.53,10.66,10.08,20013700,207047667,9004555133,0.0224,11144245578,11151,-0.0463,311.2988,311.2988,2.3284,10.09
10.03,10.09,9.83,13470910,133813753,8879615815,0.0151,10989617790,8741,-0.0139,306.9795,306.9795,2.2961,9.95
9.91,10.05,9.63,12467879,122688308,8692206838,0.014,10757676108,8098,-0.0211,300.5005,300.5005,2.2476,9.74
9.78,9.82,9.65,7901696,77021017,8674358364,0.0089,10735586424,5442,-0.0021,299.8835,299.8835,2.243,9.72
9.62,9.62,8.87,16578649,152167848,7942570930,0.0186,9829909380,10339,-0.0844,274.5847,274.5847,2.0538,8.9
8.96,9.14,8.91,8407856,75837498,7978267878,0.0094,9874088748,5126,0.0045,275.8188,275.8188,2.063,8.94
8.94,9.03,8.9,5965301,53507756,7996116352,0.0067,9896178432,3471,0.0022,460.7158,-278.7566,2.063,8.96
9.0,9.05,8.47,13611895,119478749,8022889063,0.0153,9929312958,7417,0.0033,462.2584,-279.6899,2.0699,8.99
8.95,8.97,8.82,7223719,64280798,7978267878,0.0081,9874088748,3807,-0.0056,459.6875,-278.1343,2.0584,8.94
8.92,8.96,8.78,6281505,55612020,7871177034,0.007,9741550644,3536,-0.0134,453.5172,-274.401,2.0307,8.82
8.86,8.86,8.62,6550632,57221377,7764086190,0.0073,9609012540,4012,-0.0136,447.3469,-270.6676,2.0031,8.7
8.71,8.91,8.63,8095213,71093325,7853328560,0.0091,9719460960,4408,0.0115,452.4888,-273.7788,2.0261,8.8
8.78,8.98,8.68,8991180,79399169,7862252797,0.0101,9730505802,4810,0.0011,453.003,-274.0899,2.0284,8.81
8.83,8.93,8.68,8639419,76212963,7889025508,0.0097,9763640328,4920,0.0034,454.5455,-275.0232,2.0353,8.84
8.75,8.92,8.64,6856474,60158880,7897949745,0.0077,9774685170,3919,0.0011,455.0597,-275.3343,2.0376,8.85
8.84,8.93,8.55,7508367,65800927,7639146872,0.0084,9454384752,4156,-0.0328,440.1482,-266.3121,1.9709,8.56
8.53,8.55,7.9,14679823,120539415,7407116710,0.0164,9167218860,7778,-0.0304,426.7792,-258.2232,1.911,8.3
8.21,8.4,8.12,5844876,48176925,7335722814,0.0065,9078860124,3423,-0.0096,422.6656,-255.7343,1.8926,8.22
8.78,8.8,8.46,13179967,113333995,7603449924,0.0148,9410205384,7750,0.0365,438.0914,-265.0676,1.9617,8.52
8.52,8.57,8.2,12051156,100845179,7639146872,0.0135,9454384752,6728,0.0047,440.1482,-266.3121,1.9709,8.56
8.61,8.78,8.59,10433350,90423862,7692692294,0.0117,9520653804,6249,0.007,443.2333,-268.1787,1.9847,8.62
8.55,8.64,8.48,5011778,42933581,7612374161,0.0056,9421250226,3273,-0.0104,438.6056,-265.3787,1.964,8.53
8.52,8.88,8.4,10584879,91325988,7764086190,0.0119,9609012540,5848,0.0199,447.3469,-270.6676,2.0031,8.7
8.61,8.76,8.34,7885758,67394245,7451737895,0.0088,9222443070,4418,-0.0402,429.3501,-259.7787,1.9225,8.35
8.3,8.44,8.17,6547966,54251298,7308950103,0.0073,9045725598,3736,-0.0192,421.1231,-254.8009,1.8857,8.19
8.08,8.38,7.94,7145934,58552537,7433889421,0.008,9200353386,3989,0.0171,428.3218,-259.1565,1.9179,8.33
8.65,9.16,8.6,44514487,400726330,8174601092,0.0499,10117075272,22912,0.0996,470.9997,-284.9788,2.109,9.16
8.96,8.96,8.71,28751476,253864939,7790858901,0.0322,9642147066,14116,-0.0438,448.8894,-271.601,2.01,8.73
8.83,8.85,8.69,15336066,134337788,7808707375,0.0172,9664236750,7415,0.0023,449.9178,-272.2232,2.0146,8.75
8.68,8.75,8.27,14984474,127432103,7398192473,0.0168,9156174018,8267,-0.0526,426.265,-257.912,1.9087,8.29
8.2,8.57,8.15,10046067,84245183,7549904502,0.0113,9343936332,5741,0.0205,435.0063,-263.201,1.9478,8.46
8.46,8.75,8.42,8937064,77049620,7665919583,0.01,9487519278,5462,0.0154,441.6907,-267.2454,1.9778,8.59
8.53,8.78,8.48,10874689,94517848,7826555849,0.0122,9686326434,6079,0.021,450.9462,-272.8454,2.0192,8.77
8.75,8.92,8.67,16279118,144070597,7933646693,0.0182,9818864538,7658,0.0137,457.1165,-276.5788,2.0468,8.89
8.84,8.92,8.7,9634167,84754104,7835480086,0.0108,9697371276,5215,-0.0124,451.4604,-273.1565,2.0215,8.78
8.76,8.88,8.63,9935756,87092435,7862252797,0.0111,9730505802,5475,0.0034,453.003,-274.0899,2.0284,8.81
8.79,8.79,8.61,7140592,62033933,7701616531,0.008,9531698646,4502,-0.0204,443.7475,-268.4899,1.987,8.63
8.67,9.08,8.61,18127099,161210026,7996116352,0.0203,9896178432,9118,0.0382,460.7158,-278.7566,2.063,8.96
8.82,8.92,8.74,12787885,112575238,7844404323,0.0143,9708416118,6445,-0.019,451.9746,-273.4677,2.0238,8.79
8.75,8.94,8.74,14744863,130960255,7951495167,0.0165,9840954222,5855,0.0137,458.1449,-277.201,2.0515,8.91
8.9,8.94,8.78,11059736,97888124,7906873982,0.0124,9785730012,4533,-0.0056,455.5739,-275.6454,2.0399,8.86
8.88,9.01,8.83,10479209,93432136,7996116352,0.0117,9896178432,4427,0.0113,460.7158,-278.7566,2.063,8.96
9.01,9.12,8.89,12635854,113847107,7933646693,0.0142,9818864538,6050,-0.0078,457.1165,-276.5788,2.0468,8.89
8.91,8.95,8.78,8487142,75189391,7942570930,0.0095,9829909380,4136,0.0011,457.6307,-276.8899,2.0491,8.9
8.89,8.91,8.66,9522502,83830956,7737313479,0.0107,9575878014,4318,-0.0258,445.8043,-269.7343,1.9962,8.67
8.68,8.85,8.57,7877200,68400524,7773010427,0.0088,9620057382,3993,0.0046,447.861,-270.9788,2.0054,8.71
8.71,8.84,8.62,7066766,61972002,7871177034,0.0079,9741550644,3438,0.0126,453.5172,-274.401,2.0307,8.82
8.82,8.88,8.76,5866692,51769352,7871177034,0.0066,9741550644,3041,0.0,453.5172,-274.401,2.0307,8.82
8.85,8.91,8.76,6504511,57392777,7853328560,0.0073,9719460960,2972,-0.0023,452.4888,-273.7788,2.0261,8.8
8.79,9.03,8.77,13443980,119754417,7951495167,0.0151,9840954222,5486,0.0125,458.1449,-277.201,2.0515,8.91
8.86,8.92,8.8,7862985,69540317,7906873982,0.0088,9785730012,3121,-0.0056,455.5739,-275.6454,2.0399,8.86
8.84,9.03,8.83,7903461,70607625,7969343641,0.0089,9863043906,3413,0.0079,459.1733,-277.8232,2.0561,8.93
8.9,9.05,8.89,9520649,85405088,8040737537,0.0107,9951402642,4668,0.009,463.2868,-280.3121,2.0745,9.01
9.03,9.14,8.93,12150198,109982032,8147828381,0.0136,10083940746,5252,0.0133,469.4571,-284.0455,2.1021,9.13
9.08,9.13,8.92,10912083,98510075,8067510248,0.0122,9984537168,4826,-0.0099,464.8294,-281.2455,2.0814,9.04
9.0,9.1,8.96,7435238,67178691,8085358722,0.0083,10006626852,3087,0.0022,465.8578,-281.8677,2.086,9.06
9.04,9.07,8.83,11716126,104655483,7915798219,0.0131,9796774854,4854,-0.021,456.0881,-275.9566,2.0422,8.87
9.08,9.45,9.05,29382392,271833117,8138904144,0.0329,10072895904,15244,0.0282,468.9429,-283.7344,2.0998,9.12
9.12,9.22,8.9,13218499,119433807,8094282959,0.0148,10017671694,7551,-0.0055,466.3719,-282.1788,2.0883,9.07
9.07,9.07,8.93,10277866,92231504,8005040589,0.0115,9892480182,4842,-0.011,460.5437,-278.6524,2.0622,8.97
8.95,9.04,8.8,8672270,77420759,7933646693,0.0097,9804252934,4426,-0.0089,456.4363,-276.1672,2.0438,8.89
8.87,8.87,8.15,14300383,120767993,7371419762,0.016,9109463356,8044,-0.0709,424.0904,-256.5963,1.899,8.26
8.58,8.91,8.54,23706077,206478652,7764086190,0.0266,9594713220,11956,0.0533,446.6811,-270.2649,2.0001,8.7
8.61,8.64,8.47,11561583,98837408,7576677213,0.013,9363116694,6359,-0.0241,435.8992,-263.7412,1.9518,8.49
8.49,8.63,8.33,9038274,76880184,7603449924,0.0101,9396201912,4681,0.0035,437.4395,-264.6732,1.9587,8.52
8.49,8.58,8.46,5734602,48749617,7576677213,0.0064,9363116694,3369,-0.0035,435.8992,-263.7412,1.9518,8.49
8.46,8.67,8.46,6290050,54054504,7719465005,0.007,9539571190,3483,0.0188,444.114,-268.7116,1.9886,8.65
8.62,8.77,8.59,7329106,63841596,7808707375,0.0082,9649855250,4422,0.0116,449.2483,-271.8181,2.0116,8.75
8.76,8.77,8.65,6619964,57705110,7808707375,0.0074,9649855250,3083,0.0,449.2483,-271.8181,2.0116,8.75
8.7,8.77,8.55,8581180,74473474,7701616531,0.0096,9517514378,3730,-0.0137,443.0872,-268.0903,1.984,8.63
8.5,8.59,8.44,7275562,61945210,7585601450,0.0082,9374145100,3677,-0.0151,436.4126,-264.0519,1.9541,8.5
8.48,8.88,8.48,14721920,128956692,7862252797,0.0165,9716025686,6309,0.0365,452.3288,-273.682,2.0254,8.81
8.82,8.89,8.76,10217548,90134917,7906873982,0.0114,9771167716,4067,0.0057,454.896,-275.2352,2.0369,8.86
8.85,9.24,8.82,22545628,204066661,8112131433,0.0253,10024821054,10200,0.026,466.7048,-282.3802,2.0898,9.09
9.05,9.42,9.0,27510885,254159818,8272767699,0.0308,10223332362,11849,0.0198,475.9465,-287.9719,2.1312,9.27
9.12,9.34,9.08,12302908,113246250,8192449566,0.0138,10124076708,6147,-0.0097,471.3256,-285.176,2.1105,9.18
9.18,9.32,9.09,10649120,97777538,8201373803,0.0119,10135105114,5043,0.0011,471.8391,-285.4867,2.1128,9.19
9.14,9.18,9.0,9733891,88321114,8076434485,0.0109,9980707430,4960,-0.0152,464.6511,-281.1376,2.0806,9.05
9.07,9.26,8.96,15110853,138173526,8174601092,0.0169,10102019896,5776,0.0122,470.2988,-284.5547,2.1059,9.16
9.11,9.11,8.89,11310858,101721246,7969343641,0.0127,9848366558,5061,-0.0251,458.49,-277.4098,2.053,8.93
8.93,9.45,8.93,29022714,269048263,8370934306,0.0325,10344644828,13680,0.0504,481.5942,-291.389,2.1565,9.38
9.39,9.54,9.3,22861771,215008374,8424479728,0.0256,10410815264,10618,0.0064,66.8271,34.0873,2.1244,9.44
9.47,9.53,9.29,16083343,150813454,8308464647,0.018,10267445986,8409,-0.0138,65.9068,33.6179,2.0951,9.31
9.34,9.46,9.3,18167274,170734102,8353085832,0.0204,10322588016,11984,0.0054,66.2608,33.7984,2.1064,9.36
9.33,9.57,9.33,20066505,190106829,8531570572,0.0225,10543156136,10630,0.0214,67.6766,34.5206,2.1514,9.56
9.6,9.85,9.58,28722097,278788387,8781449208,0.0322,10851951504,18056,0.0293,69.6588,35.5317,2.2144,9.84
9.78,10.36,9.78,45773402,464949616,9040252081,0.0513,11171775278,26176,0.0295,71.7117,36.5788,2.2797,10.13
10.08,10.19,9.95,20143876,202833881,9049176318,0.0226,11182803684,14405,0.001,71.7825,36.6149,2.2819,10.14
10.17,10.33,10.01,22466941,228480323,9102721740,0.0252,11248974120,12860,0.0059,72.2073,36.8316,2.2954,10.2
10.1,10.22,9.98,23084417,232977428,8968858185,0.0259,11083548030,10406,-0.0147,71.1454,36.29,2.2617,10.05
10.05,10.14,9.87,16960748,169634380,8924237000,0.019,11028406000,10254,-0.005,70.7915,36.1094,2.2504,10.0
10.0,10.2,9.93,13057079,131303382,9093797503,0.0146,11237945714,9093,0.019,72.1365,36.7955,2.2932,10.19
10.15,10.36,9.98,21596075,219899736,9111645977,0.0242,11260002526,13982,0.002,72.2781,36.8677,2.2977,10.21
10.18,10.25,10.0,14362819,144898094,8959933948,0.0161,11072519624,9628,-0.0167,71.0746,36.2538,2.2594,10.04
9.98,10.04,9.8,15392444,152436305,8772524971,0.0172,10840923098,9417,-0.0209,69.588,35.4956,2.2122,9.83
9.87,10.01,9.8,9738340,96392246,8870691578,0.0109,10962235564,6960,0.0112,70.3667,35.8928,2.2369,9.94
9.91,10.03,9.82,9815603,97544442,8897464289,0.011,10995320782,7864,0.003,70.5791,36.0011,2.2437,9.97
9.91,10.03,9.74,12757780,125560986,8701131075,0.0143,10752695850,9651,-0.0221,69.0217,35.2067,2.1942,9.75
9.74,10.21,9.74,22183244,222803784,9102721740,0.0249,11248974120,12896,0.0462,72.2073,36.8316,2.2954,10.2
10.26,10.45,10.1,25346237,260776466,9058100555,0.0284,11193832090,14799,-0.0049,71.8533,36.6511,2.2842,10.15
10.1,10.13,9.88,15132586,150750167,8870691578,0.017,10962235564,8880,-0.0207,70.3667,35.8928,2.2369,9.94
10.0,10.39,9.96,19205966,195509534,8915312763,0.0215,11017377594,11820,0.005,70.7207,36.0733,2.2482,9.99
10.02,10.14,9.79,16460490,163665320,9013479370,0.0184,11138690060,12030,0.011,71.4994,36.4705,2.2729,10.1
10.1,10.99,9.95,44420956,466213637,9504312405,0.0498,11745252390,23720,0.0545,75.3929,38.4565,2.3967,10.65
10.57,11.5,10.53,64535004,713654781,9968372729,0.0723,12318729502,34028,0.0488,79.0741,40.3342,2.5137,11.17
11.1,11.27,11.02,35967116,399881722,9950524255,0.0403,12296672690,20279,-0.0018,78.9325,40.262,2.5092,11.15
11.3,11.65,11.05,50349064,572219753,10012993914,0.0564,12373871532,23069,0.0063,79.428,40.5148,2.525,11.22
11.15,11.41,10.9,36681738,406896602,9923751544,0.0411,12263587472,20047,-0.0089,78.7201,40.1537,2.5025,11.12
11.08,11.14,10.76,25429887,277182852,9656024434,0.0285,11932735292,16383,-0.027,76.5963,39.0704,2.435,10.82
10.9,11.27,10.89,35682933,396811070,12353718168,0.0324,12373871532,18650,0.037,79.428,40.5148,2.525,11.22
11.22,11.22,10.84,27594489,302353043,11979363072,0.0251,11998905728,15561,-0.0303,77.0211,39.287,2.4485,10.88
10.85,10.85,10.5,22291947,237429330,11660060196,0.0202,11679081954,14430,-0.0267,74.9681,38.2399,2.3832,10.59
10.6,10.82,10.5,15653767,167467561,11781175080,0.0142,11800394420,8509,0.0104,75.7469,38.6371,2.408,10.7
10.78,10.78,10.35,17236174,182060935,11417830428,0.0157,11436457022,11533,-0.0308,57.295,45.3808,2.331,10.37
10.32,10.48,10.19,13662812,141588455,11483893092,0.0124,11502627458,8123,0.0058,57.6265,45.6434,2.3445,10.43
10.49,10.74,10.36,18458076,196063488,11792185524,0.0168,11811422826,9651,0.0268,59.1735,46.8687,2.4074,10.71
